{
  "base": {
    "arc_challenge": 0.5546075085324232,
    "hellaswag": 0.749452300338578
  },
  "skip_1_L21": {
    "arc_challenge": 0.5486348122866894,
    "hellaswag": 0.729237203744274
  },
  "skip_2_L21_L16": {
    "arc_challenge": 0.5102389078498294,
    "hellaswag": 0.7040430193188608
  },
  "skip_3_L21_L16_L20": {
    "arc_challenge": 0.4761092150170648,
    "hellaswag": 0.6842262497510456
  }
}