{
  "budget_pct": 5.0,
  "budget_type": "domain_only",
  "base": {
    "domain_ppl": 10.364246623192162,
    "general_ppl": 15.568408418141079
  },
  "final": {
    "domain_ppl": 10.36207316714857,
    "general_ppl": 18.16844666708617,
    "skipped_layers": [
      17,
      2,
      21,
      16
    ],
    "n_skipped": 4,
    "compute_saved_pct": 11.11111111111111
  },
  "greedy_steps": [
    {
      "layer": 17,
      "n_skipped": 1,
      "skipped": [
        17
      ],
      "domain_delta": -4.391358331986308,
      "general_delta": 2.9265467652500163,
      "compute_saved": 2.7777777777777777
    },
    {
      "layer": 2,
      "n_skipped": 2,
      "skipped": [
        17,
        2
      ],
      "domain_delta": -3.0725215085045594,
      "general_delta": 5.440402954200043,
      "compute_saved": 5.555555555555555
    },
    {
      "layer": 21,
      "n_skipped": 3,
      "skipped": [
        17,
        2,
        21
      ],
      "domain_delta": -1.1964128833297707,
      "general_delta": 6.619699467554159,
      "compute_saved": 8.333333333333332
    },
    {
      "layer": 16,
      "n_skipped": 4,
      "skipped": [
        17,
        2,
        21,
        16
      ],
      "domain_delta": 1.531505111676584,
      "general_delta": 9.072331960433702,
      "compute_saved": 11.11111111111111
    }
  ],
  "layer_costs": {
    "2": {
      "domain_delta": -4.071390604368112,
      "domain_ppl": 9.942277659961977
    },
    "3": {
      "domain_delta": 0.40155436103472447,
      "domain_ppl": 10.405864707495985
    },
    "4": {
      "domain_delta": 4.499755493394886,
      "domain_ppl": 10.830612379968246
    },
    "5": {
      "domain_delta": 6.808509529090895,
      "domain_ppl": 11.069897342150682
    },
    "6": {
      "domain_delta": 94.60111290669579,
      "domain_ppl": 20.168939273126586
    },
    "7": {
      "domain_delta": 0.41462935439262394,
      "domain_ppl": 10.407219832053563
    },
    "8": {
      "domain_delta": 0.5725229429777674,
      "domain_ppl": 10.423584312976736
    },
    "9": {
      "domain_delta": 2.578178990119796,
      "domain_ppl": 10.631455452115503
    },
    "10": {
      "domain_delta": 2.058429204930769,
      "domain_ppl": 10.577587302555001
    },
    "11": {
      "domain_delta": 0.11953743658355734,
      "domain_ppl": 10.376635777926724
    },
    "12": {
      "domain_delta": 2.3973527715666654,
      "domain_ppl": 10.612714176865264
    },
    "13": {
      "domain_delta": -1.4834578621273935,
      "domain_ppl": 10.210497391810145
    },
    "14": {
      "domain_delta": 0.23050875872973153,
      "domain_ppl": 10.38813711943497
    },
    "15": {
      "domain_delta": -3.4906828010146573,
      "domain_ppl": 10.002463648861651
    },
    "16": {
      "domain_delta": -3.970935417926428,
      "domain_ppl": 9.952689083230581
    },
    "17": {
      "domain_delta": -4.391358331986308,
      "domain_ppl": 9.909115415557004
    },
    "18": {
      "domain_delta": -1.907035380576763,
      "domain_ppl": 10.166596773157655
    },
    "19": {
      "domain_delta": -0.41826017068048604,
      "domain_ppl": 10.320897107576252
    },
    "20": {
      "domain_delta": -2.540240604275896,
      "domain_ppl": 10.100969822142542
    },
    "21": {
      "domain_delta": -3.3168262358430125,
      "domain_ppl": 10.020482572046651
    },
    "22": {
      "domain_delta": 3.9139680377097372,
      "domain_ppl": 10.769899923373314
    },
    "23": {
      "domain_delta": 0.26869121385411276,
      "domain_ppl": 10.392094443250851
    },
    "24": {
      "domain_delta": 6.704214486369477,
      "domain_ppl": 11.05908794670727
    },
    "25": {
      "domain_delta": 0.3441182278963666,
      "domain_ppl": 10.3999118850067
    },
    "26": {
      "domain_delta": -0.9948204882084094,
      "domain_ppl": 10.261140974336199
    },
    "27": {
      "domain_delta": 12.482394067435596,
      "domain_ppl": 11.657952728819895
    },
    "28": {
      "domain_delta": -0.09605141359607118,
      "domain_ppl": 10.354291617802003
    },
    "29": {
      "domain_delta": 2.4774508757910976,
      "domain_ppl": 10.621015741927586
    },
    "30": {
      "domain_delta": 2.138886622397975,
      "domain_ppl": 10.585926107727953
    },
    "31": {
      "domain_delta": 6.394541764613944,
      "domain_ppl": 11.026992702099776
    },
    "32": {
      "domain_delta": 4.627030765580273,
      "domain_ppl": 10.843803503067878
    },
    "33": {
      "domain_delta": 5.766832257285547,
      "domain_ppl": 10.961935340683036
    }
  }
}