{
  "experiment": "e1_gate_protection",
  "seed": 137,
  "base": {
    "domain_ppl": 9.642579325441334,
    "generic_ppl": 16.47111309175118,
    "benchmarks": {
      "arc_challenge_acc,none": 0.5546075085324232,
      "arc_challenge_acc_norm,none": 0.5631399317406144,
      "hellaswag_acc,none": 0.5715992830113523,
      "hellaswag_acc_norm,none": 0.749452300338578,
      "medqa_4options_acc,none": 0.6410054988216811,
      "medqa_4options_acc_norm,none": 0.6410054988216811,
      "mmlu_clinical_knowledge_acc,none": 0.7962264150943397,
      "mmlu_professional_medicine_acc,none": 0.8198529411764706
    }
  },
  "peft": {
    "domain_ppl": 6.413682806456166,
    "generic_ppl": 14.538306524400026,
    "benchmarks": {
      "arc_challenge_acc,none": 0.5392491467576792,
      "arc_challenge_acc_norm,none": 0.5469283276450512,
      "hellaswag_acc,none": 0.5647281418044214,
      "hellaswag_acc_norm,none": 0.7597092212706632,
      "medqa_4options_acc,none": 0.6284367635506677,
      "medqa_4options_acc_norm,none": 0.6284367635506677,
      "mmlu_clinical_knowledge_acc,none": 0.8037735849056604,
      "mmlu_professional_medicine_acc,none": 0.7867647058823529
    }
  },
  "gated": {
    "domain_ppl": 6.411994544071356,
    "generic_ppl": 14.228535859432176,
    "benchmarks": {
      "arc_challenge_acc,none": 0.5486348122866894,
      "arc_challenge_acc_norm,none": 0.5648464163822525,
      "hellaswag_acc,none": 0.5704043019318861,
      "hellaswag_acc_norm,none": 0.7646883091017725,
      "medqa_4options_acc,none": 0.6284367635506677,
      "medqa_4options_acc_norm,none": 0.6284367635506677,
      "mmlu_clinical_knowledge_acc,none": 0.7924528301886793,
      "mmlu_professional_medicine_acc,none": 0.7941176470588235
    }
  }
}