{
  "experiment": "e1_gate_protection",
  "seed": 7,
  "base": {
    "domain_ppl": 9.642579325441334,
    "generic_ppl": 16.47111309175118,
    "benchmarks": {
      "arc_challenge_acc,none": 0.5546075085324232,
      "arc_challenge_acc_norm,none": 0.5631399317406144,
      "hellaswag_acc,none": 0.5715992830113523,
      "hellaswag_acc_norm,none": 0.749452300338578,
      "medqa_4options_acc,none": 0.6410054988216811,
      "medqa_4options_acc_norm,none": 0.6410054988216811,
      "mmlu_clinical_knowledge_acc,none": 0.7962264150943397,
      "mmlu_professional_medicine_acc,none": 0.8198529411764706
    }
  },
  "peft": {
    "domain_ppl": 6.413416429364378,
    "generic_ppl": 14.50661226783263,
    "benchmarks": {
      "arc_challenge_acc,none": 0.53839590443686,
      "arc_challenge_acc_norm,none": 0.5520477815699659,
      "hellaswag_acc,none": 0.5635331607249552,
      "hellaswag_acc_norm,none": 0.7610037841067516,
      "medqa_4options_acc,none": 0.6323644933228594,
      "medqa_4options_acc_norm,none": 0.6323644933228594,
      "mmlu_clinical_knowledge_acc,none": 0.7962264150943397,
      "mmlu_professional_medicine_acc,none": 0.7830882352941176
    }
  },
  "gated": {
    "domain_ppl": 6.408808416485307,
    "generic_ppl": 14.21570567967034,
    "benchmarks": {
      "arc_challenge_acc,none": 0.5494880546075085,
      "arc_challenge_acc_norm,none": 0.5665529010238908,
      "hellaswag_acc,none": 0.5692093208524198,
      "hellaswag_acc_norm,none": 0.7645887273451504,
      "medqa_4options_acc,none": 0.6276512175962293,
      "medqa_4options_acc_norm,none": 0.6276512175962293,
      "mmlu_clinical_knowledge_acc,none": 0.7924528301886793,
      "mmlu_professional_medicine_acc,none": 0.7977941176470589
    }
  }
}