{
  "seed": 256,
  "base": {
    "pubmed": 9.642579325441334,
    "code": 12.44370278296118,
    "arxiv": 8.002593086726693,
    "generic": 16.47111309175118
  },
  "grove": {
    "pubmed": 6.4205375676751695,
    "code": 10.11493890641304,
    "arxiv": 6.2295049975761385,
    "generic": 13.638935649176759
  },
  "single_adapters": {
    "pubmed": {
      "pubmed": 6.4054590452273334,
      "code": 10.941259806621197,
      "arxiv": 7.114040115772268,
      "generic": 14.535176541197517
    },
    "code": {
      "pubmed": 8.039623690417733,
      "code": 10.106205596124598,
      "arxiv": 6.806319797096275,
      "generic": 13.70259238894514
    },
    "arxiv": {
      "pubmed": 8.090540281436352,
      "code": 10.628002788347052,
      "arxiv": 6.212979832128021,
      "generic": 14.100473902630917
    }
  }
}