{
  "seed": 137,
  "base": {
    "pubmed": 9.642579325441334,
    "code": 12.44370278296118,
    "arxiv": 8.002593086726693,
    "generic": 16.47111309175118
  },
  "grove": {
    "pubmed": 6.418524614788127,
    "code": 10.117522864877065,
    "arxiv": 6.227801850166161,
    "generic": 13.645794460367508
  },
  "single_adapters": {
    "pubmed": {
      "pubmed": 6.408809810098932,
      "code": 10.918926272378696,
      "arxiv": 7.096000035428353,
      "generic": 14.48968183519165
    },
    "code": {
      "pubmed": 8.057240736496688,
      "code": 10.108295906435579,
      "arxiv": 6.809245016054092,
      "generic": 13.695308229046677
    },
    "arxiv": {
      "pubmed": 8.10099851412352,
      "code": 10.625906362215229,
      "arxiv": 6.2139506860727804,
      "generic": 14.08864000376059
    }
  }
}