{
  "seed": 42,
  "base": {
    "pubmed": 9.642579325441334,
    "code": 12.44370278296118,
    "arxiv": 8.002593086726693,
    "generic": 16.47111309175118
  },
  "grove": {
    "pubmed": 6.414980448884269,
    "code": 10.114949322064689,
    "arxiv": 6.226099168396888,
    "generic": 13.643027221363203
  },
  "single_adapters": {
    "pubmed": {
      "pubmed": 6.406991402144637,
      "code": 10.932419744377253,
      "arxiv": 7.092674564879796,
      "generic": 14.513686099948613
    },
    "code": {
      "pubmed": 8.048006784085187,
      "code": 10.108833891661705,
      "arxiv": 6.8177618942640725,
      "generic": 13.691664469540697
    },
    "arxiv": {
      "pubmed": 8.087338969284133,
      "code": 10.625874112735659,
      "arxiv": 6.212251791213423,
      "generic": 14.087275854116152
    }
  }
}