{
  "seed": 137,
  "base": {
    "domain_ppl": 9.642579325441334,
    "generic_ppl": 16.47111309175118
  },
  "a_no_gate": {
    "domain_ppl": 6.408633288118473,
    "generic_ppl": 14.486151442995286
  },
  "b_global_gate": {
    "domain_ppl": 8.215740488236072,
    "generic_ppl": 15.853175562661916
  },
  "c_perlayer_b0": {
    "domain_ppl": 6.409134530334716,
    "generic_ppl": 14.213100286122481
  },
  "d_perlayer_b-2": {
    "domain_ppl": 6.41036898900859,
    "generic_ppl": 14.228459920000718
  },
  "e_perlayer_l1": {
    "domain_ppl": 6.411316947012863,
    "generic_ppl": 14.225724201104772
  },
  "f_perlayer_drop": {
    "domain_ppl": 6.41174357384823,
    "generic_ppl": 14.189151760594363
  }
}