{
  "seed": 42,
  "base": {
    "domain_ppl": 9.642579325441334,
    "generic_ppl": 16.47111309175118
  },
  "a_no_gate": {
    "domain_ppl": 6.404905165184259,
    "generic_ppl": 14.513548883047934
  },
  "b_global_gate": {
    "domain_ppl": 8.206988744707244,
    "generic_ppl": 15.850601193315399
  },
  "c_perlayer_b0": {
    "domain_ppl": 6.405144725192491,
    "generic_ppl": 14.209563610905173
  },
  "d_perlayer_b-2": {
    "domain_ppl": 6.408126046751555,
    "generic_ppl": 14.23868284125034
  },
  "e_perlayer_l1": {
    "domain_ppl": 6.408975187733987,
    "generic_ppl": 14.240671846204673
  },
  "f_perlayer_drop": {
    "domain_ppl": 6.411031150796351,
    "generic_ppl": 14.2173077352372
  }
}