{
  "seed": 42,
  "base": {
    "pubmed": 10.364246623192162,
    "code": 12.187606514702575,
    "arxiv": 7.822100502916417,
    "generic": 15.995393550869244
  },
  "A_random": {
    "pubmed": 6.996670915275406,
    "code": 9.995637589987311,
    "arxiv": 6.152120843671885,
    "generic": 14.32078415780236
  },
  "B_active": {
    "pubmed": 7.355734511970918,
    "code": 10.032394974371384,
    "arxiv": 6.1439554816873265,
    "generic": 14.289580364680136
  },
  "C_active_gated": {
    "pubmed": 7.232599836802935,
    "code": 9.93961863198725,
    "arxiv": 6.166075043981893,
    "generic": 13.46132900580201
  },
  "selections_A": {
    "arxiv": 10,
    "code": 11,
    "pubmed": 9
  },
  "selections_B": {
    "pubmed": 1,
    "code": 17,
    "arxiv": 12
  }
}