{
  "seed": 137,
  "base": {
    "pubmed": 10.364246623192162,
    "code": 12.187606514702575,
    "arxiv": 7.822100502916417,
    "generic": 15.995393550869244
  },
  "A_random": {
    "pubmed": 7.007626143176638,
    "code": 10.061586749277772,
    "arxiv": 6.150198606273474,
    "generic": 14.17361174657705
  },
  "B_active": {
    "pubmed": 7.401278062723963,
    "code": 10.000703079788067,
    "arxiv": 6.15789116137662,
    "generic": 14.264893914895135
  },
  "C_active_gated": {
    "pubmed": 7.288109115571214,
    "code": 9.934928804112587,
    "arxiv": 6.165111670021821,
    "generic": 13.454312064304016
  },
  "selections_A": {
    "arxiv": 11,
    "code": 11,
    "pubmed": 8
  },
  "selections_B": {
    "pubmed": 1,
    "code": 15,
    "arxiv": 14
  }
}