{
  "seed": 256,
  "base": {
    "pubmed": 10.364246623192162,
    "code": 12.187606514702575,
    "arxiv": 7.822100502916417,
    "generic": 15.995393550869244
  },
  "A_random": {
    "pubmed": 6.96844999106744,
    "code": 10.062925498866553,
    "arxiv": 6.180060895117891,
    "generic": 14.1760238720487
  },
  "B_active": {
    "pubmed": 7.400223610861032,
    "code": 10.097015318614877,
    "arxiv": 6.1324463583341196,
    "generic": 14.280248047410725
  },
  "C_active_gated": {
    "pubmed": 7.285836863775332,
    "code": 9.99096812060544,
    "arxiv": 6.151640228005267,
    "generic": 13.497358741988092
  },
  "selections_A": {
    "pubmed": 12,
    "arxiv": 10,
    "code": 8
  },
  "selections_B": {
    "pubmed": 1,
    "code": 18,
    "arxiv": 11
  }
}