{
  "base": {
    "domain_ppl": 10.364246623192162,
    "general_ppl": 15.995393550869244
  },
  "full_gated": {
    "domain_ppl": 6.871831234741972,
    "general_ppl": 13.893389657046743
  },
  "domain_gate_stats": {
    "12": {
      "mean": 1.0,
      "std": 0.0,
      "min": 1.0,
      "max": 1.0,
      "p10": 1.0,
      "p25": 1.0,
      "p50": 1.0,
      "p75": 1.0,
      "p90": 1.0,
      "frac_below_01": 0.0,
      "frac_below_05": 0.0,
      "n_tokens": 12829
    },
    "13": {
      "mean": 0.9999671155195261,
      "std": 0.0027249808724121513,
      "min": 0.6953125,
      "max": 1.0,
      "p10": 1.0,
      "p25": 1.0,
      "p50": 1.0,
      "p75": 1.0,
      "p90": 1.0,
      "frac_below_01": 0.0,
      "frac_below_05": 0.0,
      "n_tokens": 12829
    },
    "14": {
      "mean": 0.9998634380602541,
      "std": 0.008923214069714136,
      "min": 0.294921875,
      "max": 1.0,
      "p10": 1.0,
      "p25": 1.0,
      "p50": 1.0,
      "p75": 1.0,
      "p90": 1.0,
      "frac_below_01": 0.0,
      "frac_below_05": 0.00015589679632083562,
      "n_tokens": 12829
    },
    "15": {
      "mean": 0.9987528952092259,
      "std": 0.029188646094494283,
      "min": 0.0006866455078125,
      "max": 1.0,
      "p10": 1.0,
      "p25": 1.0,
      "p50": 1.0,
      "p75": 1.0,
      "p90": 1.0,
      "frac_below_01": 0.0005456387871229247,
      "frac_below_05": 0.0010912775742458493,
      "n_tokens": 12829
    },
    "16": {
      "mean": 0.9971125686946426,
      "std": 0.04122935414734098,
      "min": 0.0002956390380859375,
      "max": 1.0,
      "p10": 1.0,
      "p25": 1.0,
      "p50": 1.0,
      "p75": 1.0,
      "p90": 1.0,
      "frac_below_01": 0.0007015355834437602,
      "frac_below_05": 0.002416400342972952,
      "n_tokens": 12829
    },
    "17": {
      "mean": 0.9999969551406969,
      "std": 0.0001617327686901909,
      "min": 0.984375,
      "max": 1.0,
      "p10": 1.0,
      "p25": 1.0,
      "p50": 1.0,
      "p75": 1.0,
      "p90": 1.0,
      "frac_below_01": 0.0,
      "frac_below_05": 0.0,
      "n_tokens": 12829
    },
    "18": {
      "mean": 0.9997443412431674,
      "std": 0.013581036451049973,
      "min": 0.01031494140625,
      "max": 1.0,
      "p10": 1.0,
      "p25": 1.0,
      "p50": 1.0,
      "p75": 1.0,
      "p90": 1.0,
      "frac_below_01": 0.00015589679632083562,
      "frac_below_05": 0.00015589679632083562,
      "n_tokens": 12829
    },
    "19": {
      "mean": 0.9999945192532543,
      "std": 0.0003006064237123318,
      "min": 0.9765625,
      "max": 1.0,
      "p10": 1.0,
      "p25": 1.0,
      "p50": 1.0,
      "p75": 1.0,
      "p90": 1.0,
      "frac_below_01": 0.0,
      "frac_below_05": 0.0,
      "n_tokens": 12829
    },
    "20": {
      "mean": 0.9999981730844181,
      "std": 0.000175843722313268,
      "min": 0.98046875,
      "max": 1.0,
      "p10": 1.0,
      "p25": 1.0,
      "p50": 1.0,
      "p75": 1.0,
      "p90": 1.0,
      "frac_below_01": 0.0,
      "frac_below_05": 0.0,
      "n_tokens": 12829
    },
    "21": {
      "mean": 0.9803674371686384,
      "std": 0.12491994845747027,
      "min": 0.0,
      "max": 1.0,
      "p10": 1.0,
      "p25": 1.0,
      "p50": 1.0,
      "p75": 1.0,
      "p90": 1.0,
      "frac_below_01": 0.012705588900148102,
      "frac_below_05": 0.018239925169537766,
      "n_tokens": 12829
    },
    "22": {
      "mean": 1.0,
      "std": 0.0,
      "min": 1.0,
      "max": 1.0,
      "p10": 1.0,
      "p25": 1.0,
      "p50": 1.0,
      "p75": 1.0,
      "p90": 1.0,
      "frac_below_01": 0.0,
      "frac_below_05": 0.0,
      "n_tokens": 12829
    },
    "23": {
      "mean": 1.0,
      "std": 0.0,
      "min": 1.0,
      "max": 1.0,
      "p10": 1.0,
      "p25": 1.0,
      "p50": 1.0,
      "p75": 1.0,
      "p90": 1.0,
      "frac_below_01": 0.0,
      "frac_below_05": 0.0,
      "n_tokens": 12829
    },
    "24": {
      "mean": 0.999920529172188,
      "std": 0.008829626397348564,
      "min": 1.4051260155412137e-16,
      "max": 1.0,
      "p10": 1.0,
      "p25": 1.0,
      "p50": 1.0,
      "p75": 1.0,
      "p90": 1.0,
      "frac_below_01": 7.794839816041781e-05,
      "frac_below_05": 7.794839816041781e-05,
      "n_tokens": 12829
    },
    "25": {
      "mean": 0.9958658422811598,
      "std": 0.06375124936549563,
      "min": 0.0,
      "max": 1.0,
      "p10": 1.0,
      "p25": 1.0,
      "p50": 1.0,
      "p75": 1.0,
      "p90": 1.0,
      "frac_below_01": 0.004053316704341726,
      "frac_below_05": 0.004131265102502143,
      "n_tokens": 12829
    },
    "26": {
      "mean": 0.9959171481604178,
      "std": 0.06360278429147743,
      "min": 0.0,
      "max": 1.0,
      "p10": 1.0,
      "p25": 1.0,
      "p50": 1.0,
      "p75": 1.0,
      "p90": 1.0,
      "frac_below_01": 0.004053316704341726,
      "frac_below_05": 0.004053316704341726,
      "n_tokens": 12829
    },
    "27": {
      "mean": 0.9996849313623415,
      "std": 0.01697586586297713,
      "min": 3.7670135498046875e-05,
      "max": 1.0,
      "p10": 1.0,
      "p25": 1.0,
      "p50": 1.0,
      "p75": 1.0,
      "p90": 1.0,
      "frac_below_01": 0.00023384519448125342,
      "frac_below_05": 0.00031179359264167124,
      "n_tokens": 12829
    },
    "28": {
      "mean": 0.9959457698378673,
      "std": 0.06353649242069478,
      "min": 0.0,
      "max": 1.0,
      "p10": 1.0,
      "p25": 1.0,
      "p50": 1.0,
      "p75": 1.0,
      "p90": 1.0,
      "frac_below_01": 0.004053316704341726,
      "frac_below_05": 0.004053316704341726,
      "n_tokens": 12829
    },
    "29": {
      "mean": 0.9997836532313265,
      "std": 0.013975922985825208,
      "min": 0.0091552734375,
      "max": 1.0,
      "p10": 1.0,
      "p25": 1.0,
      "p50": 1.0,
      "p75": 1.0,
      "p90": 1.0,
      "frac_below_01": 7.794839816041781e-05,
      "frac_below_05": 0.00023384519448125342,
      "n_tokens": 12829
    },
    "30": {
      "mean": 0.9776022136278972,
      "std": 0.14581363526612925,
      "min": 1.2197274440461925e-18,
      "max": 1.0,
      "p10": 1.0,
      "p25": 1.0,
      "p50": 1.0,
      "p75": 1.0,
      "p90": 1.0,
      "frac_below_01": 0.021046067503312806,
      "frac_below_05": 0.02237119027203991,
      "n_tokens": 12829
    },
    "31": {
      "mean": 0.9999692469210383,
      "std": 0.003381233326918314,
      "min": 0.6171875,
      "max": 1.0,
      "p10": 1.0,
      "p25": 1.0,
      "p50": 1.0,
      "p75": 1.0,
      "p90": 1.0,
      "frac_below_01": 0.0,
      "frac_below_05": 0.0,
      "n_tokens": 12829
    },
    "32": {
      "mean": 0.9958687348994579,
      "std": 0.06414201234176437,
      "min": 0.0,
      "max": 1.0,
      "p10": 1.0,
      "p25": 1.0,
      "p50": 1.0,
      "p75": 1.0,
      "p90": 1.0,
      "frac_below_01": 0.004131265102502143,
      "frac_below_05": 0.004131265102502143,
      "n_tokens": 12829
    },
    "33": {
      "mean": 1.0,
      "std": 0.0,
      "min": 1.0,
      "max": 1.0,
      "p10": 1.0,
      "p25": 1.0,
      "p50": 1.0,
      "p75": 1.0,
      "p90": 1.0,
      "frac_below_01": 0.0,
      "frac_below_05": 0.0,
      "n_tokens": 12829
    },
    "34": {
      "mean": 0.9958514172602112,
      "std": 0.06410565007828853,
      "min": 0.0,
      "max": 1.0,
      "p10": 1.0,
      "p25": 1.0,
      "p50": 1.0,
      "p75": 1.0,
      "p90": 1.0,
      "frac_below_01": 0.004131265102502143,
      "frac_below_05": 0.004131265102502143,
      "n_tokens": 12829
    },
    "35": {
      "mean": 0.9993853880877348,
      "std": 0.023739027716445902,
      "min": 5.684341886080802e-14,
      "max": 1.0,
      "p10": 1.0,
      "p25": 1.0,
      "p50": 1.0,
      "p75": 1.0,
      "p90": 1.0,
      "frac_below_01": 0.0005456387871229247,
      "frac_below_05": 0.0005456387871229247,
      "n_tokens": 12829
    }
  },
  "general_gate_stats": {
    "12": {
      "mean": 0.9988193190364332,
      "std": 0.014242792322565851,
      "min": 0.1083984375,
      "max": 1.0,
      "p10": 1.0,