{
  "base": {
    "domain_ppl": 10.364246623192162,
    "general_ppl": 15.568408418141079
  },
  "full_gated": {
    "domain_ppl": 6.87504203700781,
    "general_ppl": 13.260910099389854
  },
  "gate_values": {
    "12": 1.0,
    "13": 0.999921875,
    "14": 0.99984375,
    "15": 0.991171875,
    "16": 0.998203125,
    "17": 0.999921875,
    "18": 1.0,
    "19": 1.0,
    "20": 0.999921875,
    "21": 0.983203125,
    "22": 1.0,
    "23": 1.0,
    "24": 0.999921875,
    "25": 0.994765625,
    "26": 0.99484375,
    "27": 0.999609375,
    "28": 0.99484375,
    "29": 0.999453125,
    "30": 0.973671875,
    "31": 1.0,
    "32": 0.99484375,
    "33": 1.0,
    "34": 0.9946875,
    "35": 0.999609375
  },
  "bi_scores": {
    "0": 0.6801309943199157,
    "1": 0.07897759079933167,
    "2": 0.05315260688463847,
    "3": 0.07044852574666341,
    "4": 0.09854105512301127,
    "5": 0.08375339309374491,
    "6": 0.08265573581059774,
    "7": 0.06922304828961691,
    "8": 0.08649752736091613,
    "9": 0.09934936364491781,
    "10": 0.09820313652356466,
    "11": 0.08265331188837687,
    "12": 0.08313299616177877,
    "13": 0.06584983269373576,
    "14": 0.060652432839075725,
    "15": 0.048407793045043945,
    "16": 0.040982852379480995,
    "17": 0.040754928191502886,
    "18": 0.046612215042114255,
    "19": 0.05038297176361084,
    "20": 0.03627250591913859,
    "21": 0.04003412326176961,
    "22": 0.05611638029416402,
    "23": 0.055810070037841795,
    "24": 0.04972733457883199,
    "25": 0.03826796015103658,
    "26": 0.03602096637090047,
    "27": 0.04011512001355489,
    "28": 0.04117605686187744,
    "29": 0.03936192790667216,
    "30": 0.03683603604634603,
    "31": 0.035939210653305055,
    "32": 0.0354336937268575,
    "33": 0.03759975632031758,
    "34": 0.057112590471903486,
    "35": 0.7125449816385905
  },
  "skip_results": {
    "0.01": {
      "n_skipped": 0,
      "skipped_layers": [],
      "domain_ppl": 6.87504203700781,
      "general_ppl": 13.260910099389854
    },
    "0.05": {
      "n_skipped": 0,
      "skipped_layers": [],
      "domain_ppl": 6.87504203700781,
      "general_ppl": 13.260910099389854
    },
    "0.1": {
      "n_skipped": 0,
      "skipped_layers": [],
      "domain_ppl": 6.87504203700781,
      "general_ppl": 13.260910099389854
    },
    "0.15": {
      "n_skipped": 0,
      "skipped_layers": [],
      "domain_ppl": 6.87504203700781,
      "general_ppl": 13.260910099389854
    },
    "0.2": {
      "n_skipped": 0,
      "skipped_layers": [],
      "domain_ppl": 6.87504203700781,
      "general_ppl": 13.260910099389854
    },
    "0.3": {
      "n_skipped": 0,
      "skipped_layers": [],
      "domain_ppl": 6.87504203700781,
      "general_ppl": 13.260910099389854
    },
    "0.5": {
      "n_skipped": 0,
      "skipped_layers": [],
      "domain_ppl": 6.87504203700781,
      "general_ppl": 13.260910099389854
    }
  },
  "early_exit": {
    "domain_ppls": {
      "12": 320481.99743634404,
      "14": 529943.4952506295,
      "16": 710675.3314479197,
      "18": 879078.4581457973,
      "20": 585808.7729362188,
      "22": 247286.64940382633,
      "24": 82686.76022980636,
      "26": 41073.24178916859,
      "28": 29860.68666989526,
      "30": 24282.25878712369,
      "32": 7014.038843080321,
      "34": 187.8686806386534,
      "36": 427.17799591131075
    },
    "general_ppls": {
      "12": 279422.09263734054,
      "14": 176269.83638635083,
      "16": 176353.99208638386,
      "18": 145148.13503832187,
      "20": 94743.45478932999,
      "22": 55589.664715912375,
      "24": 27521.270730512726,
      "26": 11582.992461749165,
      "28": 10937.786046824232,
      "30": 14654.47622554897,
      "32": 5549.788859865365,
      "34": 239.8576445054318,
      "36": 1020.2312802678265
    },
    "max_remaining_gate": {
      "12": 1.0,
      "14": 1.0,
      "16": 1.0,
      "18": 1.0,
      "20": 1.0,
      "22": 1.0,
      "24": 1.0,
      "26": 1.0,
      "28": 1.0,
      "30": 1.0,
      "32": 1.0,
      "34": 0.999609375,
      "36": 0
    }
  }
}