{
  "experiment": "gated_vs_early_stop",
  "base": {
    "domain": 12.641294717646483,
    "generic": 15.252903541850225
  },
  "ungated_500": {
    "domain": 8.587969142274455,
    "generic": 13.926570542063079
  },
  "gated_2000_1500": {
    "domain": 10.105887302840374,
    "generic": 14.516194835669664
  },
  "gated_500_1500": {
    "domain": 8.57989057970938,
    "generic": 13.406458359758672
  }
}