{
  "domain_all": {
    "n": 18161,
    "base_ppl": 12.65415192255918,
    "adapter_ppl": 11.062178184111747,
    "delta_pct": -12.580643477255418,
    "rel_surprise": -0.1344534573356234
  },
  "domain_style": {
    "n": 4540,
    "base_ppl": 1.0254679450090713,
    "adapter_ppl": 1.1431074394226568,
    "delta_pct": 11.471786610798917,
    "rel_surprise": 0.1086013380126281
  },
  "domain_mid": {
    "n": 9109,
    "base_ppl": 4.666440628143402,
    "adapter_ppl": 5.682677935018876,
    "delta_pct": 21.77756855506797,
    "rel_surprise": 0.1970259861124767
  },
  "domain_knowledge": {
    "n": 4512,
    "base_ppl": 1188.4275561150394,
    "adapter_ppl": 416.61654671527157,
    "delta_pct": -64.94388365773106,
    "rel_surprise": -1.048220084385669
  },
  "generic_all": {
    "n": 13487,
    "base_ppl": 15.780816497198686,
    "adapter_ppl": 14.537861377292048,
    "delta_pct": -7.876367614611573,
    "rel_surprise": -0.08203868079487774
  },
  "generic_style": {
    "n": 3372,
    "base_ppl": 1.0455166301256968,
    "adapter_ppl": 1.0937214073271466,
    "delta_pct": 4.6106179292102105,
    "rel_surprise": 0.045074870330441746
  },
  "generic_knowledge": {
    "n": 3366,
    "base_ppl": 1639.1192997543117,
    "adapter_ppl": 1012.8196190216381,
    "delta_pct": -38.20952390875697,
    "rel_surprise": -0.481420941956328
  }
}