{
  "base": {
    "domain": 12.641294717646483,
    "generic": 15.78489197014673
  },
  "gated_no_skip": {
    "domain": 11.065833359714546,
    "generic": 14.55471447123066
  },
  "thresholds": {
    "0.0": {
      "domain_ppl": 11.065833359714546,
      "generic_ppl": 14.55471447123066,
      "domain_delta": -12.462816452911966,
      "generic_delta": -7.793385607216377,
      "skip_pct": 0.0,
      "throughput_tps": 42.65399984266117
    },
    "0.05": {
      "domain_ppl": 11.065833359714546,
      "generic_ppl": 24.078205980277275,
      "domain_delta": -12.462816452911966,
      "generic_delta": 52.53956774500151,
      "skip_pct": 10.291666666666668,
      "throughput_tps": 46.43438791371452
    },
    "0.1": {
      "domain_ppl": 11.065833359714546,
      "generic_ppl": 35.332272163746865,
      "domain_delta": -12.462816452911966,
      "generic_delta": 123.83600870103662,
      "skip_pct": 14.75,
      "throughput_tps": 47.115934360229815
    },
    "0.15": {
      "domain_ppl": 11.065833359714546,
      "generic_ppl": 49.916767288093,
      "domain_delta": -12.462816452911966,
      "generic_delta": 216.2312886429529,
      "skip_pct": 17.916666666666668,
      "throughput_tps": 50.46403531397165
    },
    "0.2": {
      "domain_ppl": 11.065833359714546,
      "generic_ppl": 68.83590321290973,
      "domain_delta": -12.462816452911966,
      "generic_delta": 336.0872620673999,
      "skip_pct": 20.291666666666668,
      "throughput_tps": 50.181427527193065
    },
    "0.3": {
      "domain_ppl": 11.065833359714546,
      "generic_ppl": 136.96538872139845,
      "domain_delta": -12.462816452911966,
      "generic_delta": 767.6992467255086,
      "skip_pct": 24.458333333333336,
      "throughput_tps": 56.37901189781698
    },
    "0.5": {
      "domain_ppl": 11.06954552926436,
      "generic_ppl": 873.4096386110962,
      "domain_delta": -12.433451030835126,
      "generic_delta": 5433.199975412802,
      "skip_pct": 31.749999999999996,
      "throughput_tps": 58.94637807379356
    }
  }
}