{
  "experiment": "learntropy_curriculum",
  "base": {
    "domain": 12.641294717646483,
    "generic": 15.340923728441682
  },
  "standard": {
    "domain": 14.34667046657518,
    "generic": 17.94844013679317
  },
  "curriculum": {
    "domain": 11.250052679299596,
    "generic": 15.362516441501432
  }
}