{
  "experiment": "learntropy_learning_speed",
  "log": {
    "step": [
      0.0,
      50.0,
      100.0,
      150.0,
      200.0,
      250.0,
      300.0,
      350.0,
      400.0,
      450.0,
      500.0,
      550.0,
      600.0,
      650.0,
      700.0,
      750.0,
      800.0,
      850.0,
      900.0,
      950.0,
      1000.0,
      1050.0,
      1100.0,
      1150.0,
      1200.0,
      1250.0,
      1300.0,
      1350.0,
      1400.0,
      1450.0,
      1500.0,
      1550.0,
      1600.0,
      1650.0,
      1700.0,
      1750.0,
      1800.0,
      1850.0,
      1900.0,
      1950.0,
      2000.0,
      2050.0,
      2100.0,
      2150.0,
      2200.0,
      2250.0,
      2300.0,
      2350.0,
      2400.0,
      2450.0,
      2500.0,
      2550.0,
      2600.0,
      2650.0,
      2700.0,
      2750.0,
      2800.0,
      2850.0,
      2900.0,
      2950.0
    ],
    "raw_domain": [
      2.625,
      2.046875,
      1.5859375,
      2.109375,
      2.0,
      1.796875,
      1.859375,
      2.390625,
      2.359375,
      1.625,
      2.125,
      1.90625,
      2.515625,
      2.109375,
      1.9609375,
      2.03125,
      1.828125,
      2.125,
      2.171875,
      1.8984375,
      1.40625,
      1.1953125,
      1.4140625,
      0.78515625,
      1.109375,
      1.5078125,
      1.3828125,
      1.328125,
      1.6484375,
      1.4609375,
      1.859375,
      1.609375,
      2.0625,
      2.3125,
      1.890625,
      1.859375,
      0.76171875,
      1.171875,
      1.015625,
      0.9921875,
      0.05859375,
      1.1328125,
      1.359375,
      0.92578125,
      0.67578125,
      1.234375,
      0.275390625,
      1.859375,
      1.203125,
      1.6015625,
      1.859375,
      1.9765625,
      1.734375,
      1.6796875,
      1.03125,
      1.6328125,
      1.3203125,
      1.8359375,
      0.494140625,
      1.3984375
    ],
    "raw_generic": [
      2.5,
      4.09375,
      2.96875,
      2.546875,
      2.3125,
      2.75,
      2.28125,
      2.921875,
      2.5,
      3.0625,
      4.3125,
      2.90625,
      1.578125,
      3.671875,
      2.984375,
      2.71875,
      3.015625,
      4.03125,
      3.3125,
      2.953125,
      2.703125,
      2.6875,
      3.34375,
      3.015625,
      2.28125,
      2.71875,
      2.421875,
      3.15625,
      3.328125,
      3.78125,
      3.890625,
      2.453125,
      3.3125,
      2.484375,
      3.640625,
      3.28125,
      3.390625,
      2.546875,
      2.953125,
      3.296875,
      3.5,
      3.609375,
      2.453125,
      3.6875,
      3.40625,
      3.28125,
      3.625,
      2.75,
      2.765625,
      3.953125,
      2.4375,
      3.546875,
      2.625,
      2.078125,
      2.703125,
      3.75,
      2.265625,
      3.015625,
      1.8203125,
      2.484375
    ],
    "ema_domain": [
      2.625,
      2.59609375,
      2.5455859375000003,
      2.523775390625,
      2.49758662109375,
      2.4625510400390622,
      2.4323922380371092,
      2.4303038761352536,
      2.426757432328491,
      2.3866695607120665,
      2.3735860826764634,
      2.35021927854264,
      2.358489564615508,
      2.346033836384733,
      2.326779019565496,
      2.312002568587221,
      2.28780869015786,
      2.279668255649967,
      2.2742785928674687,
      2.2554865382240954,
      2.2130247113128907,
      2.1621391007472464,
      2.124735270709884,
      2.0577563196743895,
      2.01033725369067,
      1.9852110160061365,
      1.9550910902058298,
      1.9237427856955382,
      1.9099775214107613,
      1.887525520340223,
      1.8861179943232118,
      1.8722808446070511,
      1.8817918023766986,
      1.9033272122578637,
      1.9026921016449707,
      1.9005262465627222,
      1.8435858717345859,
      1.8100003281478565,
      1.7702815617404637,
      1.7313768586534404,
      1.6477377032207683,
      1.6219914430597298,
      1.6088606209067433,
      1.5747066523614062,
      1.5297603822433359,
      1.514991113131169,
      1.4530110887246104,
      1.4733292842883798,
      1.4598190700739608,
      1.4669062415702627,
      1.4865296794917495,
      1.511031320517162,
      1.522198504491304,
      1.5300729542667388,
      1.5051318065534018,
      1.511515841225732,
      1.5019556741644453,
      1.518654765456223,
      1.4674290584334118,
      1.4639794805117412
    ],
    "ema_generic": [
      2.5,
      2.5796875000000004,
      2.5991406250000004,
      2.5965273437500005,
      2.5823259765625006,
      2.5907096777343757,
      2.575236693847657,
      2.5925686091552738,
      2.58794017869751,
      2.6116681697626345,
      2.696709761274503,
      2.7071867732107777,
      2.650733684550239,
      2.701790750322727,
      2.715919962806591,
      2.7160614646662613,
      2.731039641432948,
      2.7960501593613007,
      2.8218726513932353,
      2.828435268823574,
      2.822169755382395,
      2.8154362676132756,
      2.841851954232612,
      2.8505406065209815,
      2.8220760761949326,
      2.816909772385186,
      2.7971580337659265,
      2.8151126320776303,
      2.840763250473749,
      2.8877875879500614,
      2.9379294585525586,
      2.9136892356249304,
      2.933629773843684,
      2.9111670351515,
      2.9476399333939254,
      2.964320436724229,
      2.985635664888018,
      2.9636976316436168,
      2.963169000061436,
      2.9798543000583644,
      3.005861585055446,
      3.036037255802674,
      3.00689164301254,
      3.040922060861913,
      3.0591884578188173,
      3.0702915349278763,
      3.0980269581814825,
      3.0806256102724086,
      3.0648755797587883,
      3.1092880507708487,
      3.075698648232306,
      3.099257465820691,
      3.0755445925296563,
      3.0256736129031734,
      3.0095461822580147,
      3.0465688731451137,
      3.007521679487858,
      3.0079268455134653,
      2.9485461282377923,
      2.925337571825903
    ],
    "speed_domain": [
      0.0,
      0.02890624999999991,
      0.050507812499999805,
      0.02181054687500028,
      0.026188769531250156,
      0.035035581054687626,
      0.030158802001952978,
      0.0020883619018556843,
      0.0035464438067625004,
      0.040087871616424575,
      0.013083478035603058,
      0.023366804133823305,
      -0.00827028607286806,
      0.012455728230775343,
      0.019254816819236797,
      0.014776450978275069,
      0.02419387842936116,
      0.008140434507892813,
      0.005389662782498306,
      0.0187920546433733,
      0.0424618269112047,
      0.050885610565644335,
      0.03740383003736225,
      0.06697895103549456,
      0.04741906598371948,
      0.025126237684533592,
      0.030119925800306646,
      0.03134830451029158,
      0.013765264284776979,
      0.02245200107053824,
      0.001407526017011218,
      0.01383714971616068,
      -0.009510957769647499,
      -0.02153540988116509,
      0.0006351106128930084,
      0.0021658550822485356,
      0.0569403748281363,
      0.03358554358672938,
      0.0397187664073928,
      0.03890470308702332,
      0.08363915543267209,
      0.025746260161038537,
      0.013130822152986443,
      0.03415396854533714,
      0.044946270118070286,
      0.014769269112166805,
      0.0619800244065587,
      -0.02031819556376946,
      0.013510214214419003,
      -0.007087171496301892,
      -0.019623437921486797,
      -0.024501641025412413,
      -0.01116718397414207,
      -0.007874449775434833,
      0.024941147713336997,
      -0.006384034672330063,
      0.009560167061286595,
      -0.016699091291777712,
      0.05122570702281126,
      0.0034495779216705547
    ],