{
  "experiment": "lens_crystal_split",
  "gate_means": {
    "early": 0.119140625,
    "mid": 0.119140625,
    "late": 0.119140625
  },
  "domain_ppl": {
    "base": 12.641294717646483,
    "all": 11.065833359714546,
    "early": 11.911974693059825,
    "mid": 11.974155754072429,
    "late": 10.841111125269043
  },
  "generic_ppl": {
    "base": 15.78489197014673,
    "all": 14.55471447123066,
    "early": 15.51484143504627,
    "mid": 15.728066570220765,
    "late": 14.63342745952033
  },
  "contributions": {
    "early_domain_pct": 46.29247305335467,
    "late_domain_pct": 114.26390011497898,
    "early_generic_pct": 21.952160183258574,
    "late_generic_pct": 93.60149341383456
  }
}