{
  "experiment": "piaget_gate_learntropy_correlation",
  "spearman_r": -0.31913043478260866,
  "spearman_p": 0.1285062788814228,
  "pearson_r": -0.11562993617733239,
  "pearson_p": 0.5905502351355091,
  "verdict": "no_correlation",
  "per_layer": {
    "12": {
      "gate": 0.9638671875,
      "delta_ppl_pct": -5.810331168450011
    },
    "13": {
      "gate": 0.94609375,
      "delta_ppl_pct": -6.017837644415911
    },
    "14": {
      "gate": 0.9759765625,
      "delta_ppl_pct": -5.287062422871423
    },
    "15": {
      "gate": 0.9322265625,
      "delta_ppl_pct": -5.503767336682977
    },
    "16": {
      "gate": 0.94296875,
      "delta_ppl_pct": -5.657843124263719
    },
    "17": {
      "gate": 0.77119140625,
      "delta_ppl_pct": -4.9333265513526925
    },
    "18": {
      "gate": 0.9275390625,
      "delta_ppl_pct": -3.547070634964157
    },
    "19": {
      "gate": 0.90078125,
      "delta_ppl_pct": -1.0755386032224297
    },
    "20": {
      "gate": 0.9634765625,
      "delta_ppl_pct": -3.7226840830019503
    },
    "21": {
      "gate": 0.913671875,
      "delta_ppl_pct": -2.138715872606699
    },
    "22": {
      "gate": 0.93125,
      "delta_ppl_pct": -1.0871687307699194
    },
    "23": {
      "gate": 0.965625,
      "delta_ppl_pct": -1.0214806723604795
    },
    "24": {
      "gate": 0.9125,
      "delta_ppl_pct": -0.9602663037171053
    },
    "25": {
      "gate": 0.9177734375,
      "delta_ppl_pct": -3.435754915819377
    },
    "26": {
      "gate": 0.9755859375,
      "delta_ppl_pct": -2.3633169853513363
    },
    "27": {
      "gate": 0.9369140625,
      "delta_ppl_pct": -1.9589214021276915
    },
    "28": {
      "gate": 0.988671875,
      "delta_ppl_pct": -1.9999527290574748
    },
    "29": {
      "gate": 0.9689453125,
      "delta_ppl_pct": -2.2370609427909023
    },
    "30": {
      "gate": 0.9611328125,
      "delta_ppl_pct": -2.1057799077469137
    },
    "31": {
      "gate": 0.944921875,
      "delta_ppl_pct": -1.6608553115545603
    },
    "32": {
      "gate": 0.958984375,
      "delta_ppl_pct": -3.0757924122173077
    },
    "33": {
      "gate": 0.8771484375,
      "delta_ppl_pct": -1.6412178957561214
    },
    "34": {
      "gate": 0.9607421875,
      "delta_ppl_pct": -6.486659042115679
    },
    "35": {
      "gate": 0.9943359375,
      "delta_ppl_pct": -7.387546099543781
    }
  }
}