{
  "base": {
    "bbc": 12.396772035418978,
    "cuisine": 14.752731787366967,
    "physics": 7.814574333582661,
    "generic": 16.3693716018897
  },
  "A": {
    "bbc": 7.210488003099864,
    "cuisine": 17.525213634647738,
    "physics": 10.102449421432503,
    "generic": 17.597420664791464
  },
  "B": {
    "bbc": 7.639802653845625,
    "cuisine": 18.75203166616319,
    "physics": 10.61035746635804,
    "generic": 18.810181944012864
  },
  "C": {
    "bbc": 7.339024213074878,
    "cuisine": 18.394168870372674,
    "physics": 9.69736171634784,
    "generic": 15.723903364226048
  },
  "selections_A": {
    "physics": 12,
    "bbc": 7,
    "cuisine": 11
  },
  "selections_B": {
    "bbc": 9,
    "cuisine": 10,
    "physics": 11
  }
}